id;year;owner;text;description;start;jhi_end;background_color;text_color
1;reintermediate Outdoors;Gloves;solution;Infrastructure incentivize;2020-06-05;2020-06-05;Granite;e-enable
2;Table Baby;Horizontal;CFA Franc BEAC Face to face;Plastic;2020-06-04;2020-06-04;Idaho Baht Forward;Customer
3;Wooden Architect;Health;Home Loan Account;calculating;2020-06-05;2020-06-04;virtual reintermediate;AI
4;FTP Bedfordshire;solid state;Money Market Account white holistic;Games virtual real-time;2020-06-05;2020-06-04;pixel Fresh;Louisiana
5;Incredible Fresh Shirt;connecting Soft;Rustic Granite Chicken;California;2020-06-05;2020-06-04;Lebanese Pound bypassing deploy;Incredible Metal Cheese interface
6;Rubber XSS;Total AI;networks Jamaican Dollar;compress exuding Palestinian Territory;2020-06-04;2020-06-05;Forward;Georgia copy cultivate
7;index Madagascar;Automotive;Kwanza;United Kingdom Architect Operations;2020-06-04;2020-06-04;Legacy Engineer Centers;silver RSS
8;Tunisian Dinar;5th generation auxiliary;Developer;Plastic;2020-06-05;2020-06-05;Mexico;SDD Washington
9;24/7;South Carolina;B2C;Outdoors best-of-breed;2020-06-04;2020-06-04;Unbranded moratorium bricks-and-clicks;Zambia Congolese Franc
10;Steel Moldovan Leu;technologies Solutions;Corners payment Credit Card Account;Soap;2020-06-04;2020-06-04;Shoes backing up aggregate;Kroon
